{
  "v": "4.0",
  "policies" : {
  "create" : "perUser"
  },
  "workspace": {
    "defaultEnv": "java",
    "environments": [
      {
        "name": "java",
        "machineConfigs": [
          {
            "limits": {
              "ram": 1000
            },
            "name": "ws-machine",
            "type": "docker",
            "source": {
              "location": "http://beta.codenvy.com/api/recipe/recipega4hxep75ipg04yo/script",
              "type": "recipe"
            },
            "dev": true
          }
        ]
      }
    ],
    "projects": [
      {
        "links": [],
        "name": "MrsBailey-cash-register-unit1",
        "attributes": {
          "maven.artifactId": [
            "MrsBailey-cash-register-unit1"
          ],
          "maven.packaging": [
            "jar"
          ],
          "vcs.provider.name": [
            "git"
          ],
          "maven.version": [
            "1.0-SNAPSHOT"
          ],
          "git.current.branch.name": [
            "master"
          ],
          "language": [
            "java"
          ],
          "git.repository.remotes": [
            "https://github.com/MrsBailey/cash-register-unit1.git"
          ],
          "maven.groupId": [
            "org.eclipse.che.examples"
          ]
        },
        "type": "maven",
        "source": {
          "location": "https://github.com/MrsBailey/cash-register-unit1.git",
          "type": "git",
          "parameters": {}
        },
        "modules": [],
        "path": "/cash-register-unit1",
        "problems": [],
        "mixins": [
          "git"
        ]
      }
    ],
    "name": "java",
    "attributes": {},
    "commands": [
      {
        "commandLine": "mvn -f ${current.project.path} clean install",
        "name": "cash-register-unit1: build",
        "attributes": {
          "previewUrl": ""
        },
        "type": "mvn"
      },
      {
        "commandLine": "mvn -f ${current.project.path} clean install && java -jar ${current.project.path}/target/*.jar",
        "name": "cash-register-unit1: run",
        "attributes": {
          "previewUrl": ""
        },
        "type": "mvn"
      }
    ],
    "links": []
  }
}
